Workbook

Sheet SUMMARY
A1: Republic of the Philippines
A2: COMMISSION ON ELECTIONS
A3: Records and Statistics Division, ERSD
A5: NUMBER AND TURN-OUT OF REGISTERED VOTERS AND VOTERS WHO ACTUALLY VOTED
A6: May 12, 2025 National and Local Elections
A7: GROUP | D7: NUMBER OF CLUSTERED PRECINCTS | E7: NUMBER OF REGISTERED VOTERS | F7: NUMBER OF VOTERS WHO ACTUALLY VOTED | G7: VOTER'S TURN-OUT
A8: Local AES | D8: 93287 | E8: 68431965 | F8: 57070411 | G8: =SUM(F8/E8) -> 0.833973
A9: Overseas Voting | E9: 1241688 | F9: 228490 | G9: =SUM(F9/E9) -> 0.18401563
A10: Local Absentee Voting | F10: 52067
A11: GRAND TOTAL | E11: =SUM(E8:E10) -> 69673653 | F11: =SUM(F8:F10) -> 57350968 | G11: =SUM(F11/E11) -> 0.82313709
A13: NOTE:
A14: The Registered Voters of LAV is included in LOCAL AES

Sheet regional_summary
A1: Republic of the Philippines
A2: COMMISSION ON ELECTIONS
A3: Records and Statistics Division, ERSD
A5: NUMBER AND TURN-OUT OF REGISTERED VOTERS AND VOTERS WHO ACTUALLY VOTED BY REGION
A6: May 12, 2025 National and Local Elections
A9: As of August 2025
A10: REGION | C10: NUMBER OF CLUSTERED PRECINCTS | D10: NUMBER OF REGISTERED VOTERS | E10: NUMBER OF VOTERS WHO ACTUALLY VOTED | F10: VOTER'S TURN-OUT
A14: P H I L I P P I N E S | C14: =SUM(C15:C32) -> 93287 | D14: =SUM(D15:D32) -> 68431965 | E14: =SUM(E15:E32) -> 57070411 | F14: =SUM(E14/D14) -> 0.833973
A15: N. C. R. | C15: =provl_summary!C15 -> 9030 | D15: =provl_summary!D15 -> 7563520 | E15: =provl_summary!E15 -> 6040069 | F15: =SUM(E15/D15) -> 0.7985791
A16: CORDILLERA ADM. REGION | C16: =provl_summary!C16 -> 1963 | D16: =provl_summary!D16 -> 1105063 | E16: =provl_summary!E16 -> 946327 | F16: =SUM(E16/D16) -> 0.8563557
A17: REGION I | C17: =provl_summary!C23 -> 5337 | D17: =provl_summary!D23 -> 3633900 | E17: =provl_summary!E23 -> 3178310 | F17: =SUM(E17/D17) -> 0.87462781
A18: REGION II | C18: =provl_summary!C28 -> 3559 | D18: =provl_summary!D28 -> 2358587 | E18: =provl_summary!E28 -> 2000940 | F18: =SUM(E18/D18) -> 0.84836387
A19: REGION III | C19: =provl_summary!C34:C34 -> 9584 | D19: =provl_summary!D34:D34 -> 7699404 | E19: =provl_summary!E34:E34 -> 6527627 | F19: =SUM(E19/D19) -> 0.84780939
A20: REGION IV-A | C20: =provl_summary!C42 -> 12346 | D20: =provl_summary!D42 -> 9714079 | E20: =provl_summary!E42 -> 7849709 | F20: =SUM(E20/D20) -> 0.80807547
A21: REGION IV-B | C21: =provl_summary!C48 -> 2951 | D21: =provl_summary!D48 -> 2055827 | E21: =provl_summary!E48 -> 1704649 | F21: =SUM(E21/D21) -> 0.82917921
A22: REGION V | C22: =provl_summary!C54 -> 5877 | D22: =provl_summary!D54 -> 4053977 | E22: =provl_summary!E54 -> 3450811 | F22: =SUM(E22/D22) -> 0.85121623
A23: REGION VI | C23: =provl_summary!C61 -> 4971 | D23: =provl_summary!D61 -> 3128562 | E23: =provl_summary!E61 -> 2686216 | F23: =SUM(E23/D23) -> 0.85861044
A24: NEGROS ISLAND REGION (NIR) | C24: =provl_summary!C67 -> 3922 | D24: =provl_summary!D67 -> 3059321 | E24: =provl_summary!E67 -> 2585766 | F24: =SUM(E24/D24) -> 0.84520912
A25: REGION VII | C25: =provl_summary!C71 -> 5662 | D25: =provl_summary!D71 -> 4389344 | E25: =provl_summary!E71 -> 3797086 | F25: =SUM(E25/D25) -> 0.86506913
A26: REGION VIII | C26: =provl_summary!C74 -> 5670 | D26: =provl_summary!D74 -> 3259554 | E26: =provl_summary!E74 -> 2747755 | F26: =SUM(E26/D26) -> 0.84298496
A27: REGION IX | C27: =provl_summary!C81 -> 4048 | D27: =provl_summary!D81 -> 2869368 | E27: =provl_summary!E81 -> 2384181 | F27: =SUM(E27/D27) -> 0.83090806
A28: REGION X | C28: =provl_summary!C86 -> 4444 | D28: =provl_summary!D86 -> 3179252 | E28: =provl_summary!E86 -> 2731299 | F28: =SUM(E28/D28) -> 0.85910113
A29: REGION XI | C29: =provl_summary!C92 -> 4189 | D29: =provl_summary!D92 -> 3376470 | E29: =provl_summary!E92 -> 2779125 | F29: =SUM(E29/D29) -> 0.82308594
A30: REGION XII | C30: =provl_summary!C98 -> 3492 | D30: =provl_summary!D98 -> 2701992 | E30: =provl_summary!E98 -> 2200890 | F30: =SUM(E30/D30) -> 0.81454349
A31: CARAGA | C31: =provl_summary!C103 -> 2666 | D31: =provl_summary!D103 -> 1904917 | E31: =provl_summary!E103 -> 1613102 | F31: =SUM(E31/D31) -> 0.8468096
A32: B.A.R.M.M. | C32: =provl_summary!C109 -> 3576 | D32: =provl_summary!D109 -> 2378828 | E32: =provl_summary!E109 -> 1846549 | F32: =SUM(E32/D32) -> 0.77624318

Sheet provl_summary
A1: Republic of the Philippines
A2: COMMISSION ON ELECTIONS
A3: Records and Statistics Division, ERSD
A5: NUMBER AND TURN-OUT OF REGISTERED VOTERS AND VOTERS WHO ACTUALLY VOTED BY PROVINCE
A6: May 12, 2025 National and Local Elections
A9: As of August 2025
A10: REGION/PROVINCE | C10: NUMBER OF CLUSTERED PRECINCTS | D10: NUMBER OF REGISTERED VOTERS | E10: NUMBER OF VOTERS WHO ACTUALLY VOTED | F10: VOTER'S TURN-OUT
A14: P H I L I P P I N E S | C14: =SUM(C15+C16+C23+C28+C34+C42+C48+C54+C61+C67+C71+C74+C81+C86+C92+C98+C103+C109) -> 93287 | D14: =SUM(D15+D16+D23+D28+D34+D42+D48+D54+D61+D67+D71+D74+D81+D86+D92+D98+D103+D109) -> 68431965 | E14: =SUM(E15+E16+E23+E28+E34+E42+E48+E54+E61+E67+E71+E74+E81+E86+E92+E98+E103+E109) -> 57070411 | F14: =SUM(E14/D14) -> 0.833973
A15: N. C. R. | C15: =SUM(mun_coc!C14) -> 9030 | D15: =SUM(mun_coc!D14) -> 7563520 | E15: =SUM(mun_coc!E14) -> 6040069 | F15: =SUM(E15/D15) -> 0.7985791
A16: CORDILLERA ADM. REGION | C16: =SUM(C17:C22) -> 1963 | D16: =SUM(D17:D22) -> 1105063 | E16: =SUM(E17:E22) -> 946327 | F16: =SUM(E16/D16) -> 0.8563557
B17: ABRA | C17: =SUM(mun_coc!C60) -> 364 | D17: =SUM(mun_coc!D60) -> 188957 | E17: =SUM(mun_coc!E60) -> 172959 | F17: =SUM(E17/D17) -> 0.91533524
B18: APAYAO | C18: =SUM(mun_coc!C91) -> 159 | D18: =SUM(mun_coc!D91) -> 83441 | E18: =SUM(mun_coc!E91) -> 72548 | F18: =SUM(E18/D18) -> 0.86945267
B19: BENGUET | C19: =SUM(mun_coc!C102) -> 676 | D19: =SUM(mun_coc!D102) -> 416145 | E19: =SUM(mun_coc!E102) -> 343068 | F19: =SUM(E19/D19) -> 0.82439534
B20: IFUGAO | C20: =SUM(mun_coc!C121) -> 258 | D20: =SUM(mun_coc!D121) -> 136318 | E20: =SUM(mun_coc!E121) -> 117835 | F20: =SUM(E20/D20) -> 0.86441262
B21: KALINGA | C21: =SUM(mun_coc!C136) -> 272 | D21: =SUM(mun_coc!D136) -> 158555 | E21: =SUM(mun_coc!E136) -> 140554 | F21: =SUM(E21/D21) -> 0.88646842
B22: MOUNTAIN PROVINCE | C22: =SUM(mun_coc!C148) -> 234 | D22: =SUM(mun_coc!D148) -> 121647 | E22: =SUM(mun_coc!E148) -> 99363 | F22: =SUM(E22/D22) -> 0.81681422
A23: REGION I | C23: =SUM(C24:C27) -> 5337 | D23: =SUM(D24:D27) -> 3633900 | E23: =SUM(E24:E27) -> 3178310 | F23: =SUM(E23/D23) -> 0.87462781
B24: ILOCOS NORTE | C24: =SUM(mun_coc!C163) -> 706 | D24: =SUM(mun_coc!D163) -> 436087 | E24: =SUM(mun_coc!E163) -> 387957 | F24: =SUM(E24/D24) -> 0.88963211
B25: ILOCOS SUR | C25: =SUM(mun_coc!C189) -> 922 | D25: =SUM(mun_coc!D189) -> 487233 | E25: =SUM(mun_coc!E189) -> 432555 | F25: =SUM(E25/D25) -> 0.88777854
B26: LA UNION | C26: =SUM(mun_coc!C226) -> 840 | D26: =SUM(mun_coc!D226) -> 554274 | E26: =SUM(mun_coc!E226) -> 487073 | F26: =SUM(E26/D26) -> 0.87875852
B27: PANGASINAN | C27: =SUM(mun_coc!C249) -> 2869 | D27: =SUM(mun_coc!D249) -> 2156306 | E27: =SUM(mun_coc!E249) -> 1870725 | F27: =SUM(E27/D27) -> 0.86756008
A28: REGION II | C28: =SUM(C29:C33) -> 3559 | D28: =SUM(D29:D33) -> 2358587 | E28: =SUM(E29:E33) -> 2000940 | F28: =SUM(E28/D28) -> 0.84836387
B29: BATANES | C29: =SUM(mun_coc!C305) -> 33 | D29: =SUM(mun_coc!D305) -> 13655 | E29: =SUM(mun_coc!E305) -> 11488 | F29: =SUM(E29/D29) -> 0.84130355
B30: CAGAYAN | C30: =SUM(mun_coc!C315) -> 1201 | D30: =SUM(mun_coc!D315) -> 785994 | E30: =SUM(mun_coc!E315) -> 674064 | F30: =SUM(E30/D30) -> 0.85759433
B31: ISABELA | C31: =SUM(mun_coc!C348) -> 1671 | D31: =SUM(mun_coc!D348) -> 1125541 | E31: =SUM(mun_coc!E348) -> 944829 | F31: =SUM(E31/D31) -> 0.83944432
B32: NUEVA VIZCAYA | C32: =SUM(mun_coc!C392) -> 452 | D32: =SUM(mun_coc!D392) -> 303090 | E32: =SUM(mun_coc!E392) -> 258249 | F32: =SUM(E32/D32) -> 0.85205385
B33: QUIRINO | C33: =SUM(mun_coc!C411) -> 202 | D33: =SUM(mun_coc!D411) -> 130307 | E33: =SUM(mun_coc!E411) -> 112310 | F33: =SUM(E33/D33) -> 0.8618877
A34: REGION III | C34: =SUM(C35:C41) -> 9584 | D34: =SUM(D35:D41) -> 7699404 | E34: =SUM(E35:E41) -> 6527627 | F34: =SUM(E34/D34) -> 0.84780939
B35: AURORA | C35: =SUM(mun_coc!C422) -> 231 | D35: =SUM(mun_coc!D422) -> 157240 | E35: =SUM(mun_coc!E422) -> 128993 | F35: =SUM(E35/D35) -> 0.82035742
B36: BATAAN | C36: =SUM(mun_coc!C434) -> 739 | D36: =SUM(mun_coc!D434) -> 586044 | E36: =SUM(mun_coc!E434) -> 495413 | F36: =SUM(E36/D36) -> 0.8453512
B37: BULACAN | C37: =SUM(mun_coc!C450) -> 2551 | D37: =SUM(mun_coc!D450) -> 2173026 | E37: =SUM(mun_coc!E450) -> 1847816 | F37: =SUM(E37/D37) -> 0.85034233
B38: NUEVA ECIJA | C38: =SUM(mun_coc!C482) -> 2080 | D38: =SUM(mun_coc!D482) -> 1620166 | E38: =SUM(mun_coc!E482) -> 1349950 | F38: =SUM(E38/D38) -> 0.83321709
B39: PAMPANGA | C39: =SUM(mun_coc!C519) -> 2066 | D39: =SUM(mun_coc!D519) -> 1674789 | E39: =SUM(mun_coc!E519) -> 1418533 | F39: =SUM(E39/D39) -> 0.84699207
B40: TARLAC | C40: =SUM(mun_coc!C546) -> 1220 | D40: =SUM(mun_coc!D546) -> 936003 | E40: =SUM(mun_coc!E546) -> 827669 | F40: =SUM(E40/D40) -> 0.88425892
B41: ZAMBALES | C41: =SUM(mun_coc!C568) -> 697 | D41: =SUM(mun_coc!D568) -> 552136 | E41: =SUM(mun_coc!E568) -> 459253 | F41: =SUM(E41/D41) -> 0.83177514
A42: REGION IV-A | C42: =SUM(C43:C47) -> 12346 | D42: =SUM(D43:D47) -> 9714079 | E42: =SUM(E43:E47) -> 7849709 | F42: =SUM(E42/D42) -> 0.80807547
B43: BATANGAS | C43: =SUM(mun_coc!C586) -> 2569 | D43: =SUM(mun_coc!D586) -> 1958794 | E43: =SUM(mun_coc!E586) -> 1697672 | F43: =SUM(E43/D43) -> 0.86669246
B44: CAVITE | C44: =SUM(mun_coc!C627) -> 2991 | D44: =SUM(mun_coc!D627) -> 2447362 | E44: =SUM(mun_coc!E627) -> 1923752 | F44: =SUM(E44/D44) -> 0.78605127
B45: LAGUNA | C45: =SUM(mun_coc!C659) -> 2626 | D45: =SUM(mun_coc!D659) -> 2140124 | E45: =SUM(mun_coc!E659) -> 1700629 | F45: =SUM(E45/D45) -> 0.7946404
B46: QUEZON | C46: =SUM(mun_coc!C697) -> 2207 | D46: =SUM(mun_coc!D697) -> 1496156 | E46: =SUM(mun_coc!E697) -> 1252204 | F46: =SUM(E46/D46) -> 0.83694748
B47: RIZAL | C47: =SUM(mun_coc!C743) -> 1953 | D47: =SUM(mun_coc!D743) -> 1671643 | E47: =SUM(mun_coc!E743) -> 1275452 | F47: =SUM(E47/D47) -> 0.76299306
A48: REGION IV-B | C48: =SUM(C49:C53) -> 2951 | D48: =SUM(D49:D53) -> 2055827 | E48: =SUM(E49:E53) -> 1704649 | F48: =SUM(E48/D48) -> 0.82917921
B49: MARINDUQUE | C49: =SUM(mun_coc!C766) -> 281 | D49: =SUM(mun_coc!D766) -> 165436 | E49: =SUM(mun_coc!E766) -> 142016 | F49: =SUM(E49/D49) -> 0.85843468
B50: OCCIDENTAL MINDORO | C50: =SUM(mun_coc!C776) -> 442 | D50: =SUM(mun_coc!D776) -> 321699 | E50: =SUM(mun_coc!E776) -> 256034 | F50: =SUM(E50/D50) -> 0.79588062
B51: ORIENTAL MINDORO | C51: =SUM(mun_coc!C791) -> 812 | D51: =SUM(mun_coc!D791) -> 569601 | E51: =SUM(mun_coc!E791) -> 465934 | F51: =SUM(E51/D51) -> 0.81800067
B52: PALAWAN | C52: =SUM(mun_coc!C809) -> 1087 | D52: =SUM(mun_coc!D809) -> 787755 | E52: =SUM(mun_coc!E809) -> 661865 | F52: =SUM(E52/D52) -> 0.84019143
B53: ROMBLON | C53: =SUM(mun_coc!C837) -> 329 | D53: =SUM(mun_coc!D837) -> 211336 | E53: =SUM(mun_coc!E837) -> 178800 | F53: =SUM(E53/D53) -> 0.84604611
A54: REGION V | C54: =SUM(C55:C60) -> 5877 | D54: =SUM(D55:D60) -> 4053977 | E54: =SUM(E55:E60) -> 3450811 | F54: =SUM(E54/D54) -> 0.85121623
B55: ALBAY | C55: =SUM(mun_coc!C859) -> 1326 | D55: =SUM(mun_coc!D859) -> 940114 | E55: =SUM(mun_coc!E859) -> 840183 | F55: =SUM(E55/D55) -> 0.89370332
B56: CAMARINES NORTE | C56: =SUM(mun_coc!C881) -> 538 | D56: =SUM(mun_coc!D881) -> 396583 | E56: =SUM(mun_coc!E881) -> 338181 | F56: =SUM(E56/D56) -> 0.85273701
B57: CAMARINES SUR | C57: =SUM(mun_coc!C896) -> 1925 | D57: =SUM(mun_coc!D896) -> 1344062 | E57: =SUM(mun_coc!E896) -> 1132355 | F57: =SUM(E57/D57) -> 0.84248718
B58: CATANDUANES | C58: =SUM(mun_coc!C939) -> 365 | D58: =SUM(mun_coc!D939) -> 200804 | E58: =SUM(mun_coc!E939) -> 173897 | F58: =SUM(E58/D58) -> 0.86600367
B59: MASBATE | C59: =SUM(mun_coc!C954) -> 883 | D59: =SUM(mun_coc!D954) -> 619174 | E59: =SUM(mun_coc!E954) -> 490864 | F59: =SUM(E59/D59) -> 0.79277231
B60: SORSOGON | C60: =SUM(mun_coc!C979) -> 840 | D60: =SUM(mun_coc!D979) -> 553240 | E60: =SUM(mun_coc!E979) -> 475331 | F60: =SUM(E60/D60) -> 0.85917685
A61: REGION VI | C61: =SUM(C62:C66) -> 4971 | D61: =SUM(D62:D66) -> 3128562 | E61: =SUM(E62:E66) -> 2686216 | F61: =SUM(E61/D61) -> 0.85861044
B62: AKLAN | C62: =SUM(mun_coc!C998) -> 603 | D62: =SUM(mun_coc!D998) -> 414890 | E62: =SUM(mun_coc!E998) -> 361163 | F62: =SUM(E62/D62) -> 0.87050302
B63: ANTIQUE | C63: =SUM(mun_coc!C1018) -> 730 | D63: =SUM(mun_coc!D1018) -> 399553 | E63: =SUM(mun_coc!E1018) -> 350462 | F63: =SUM(E63/D63) -> 0.8771352
B64: CAPIZ | C64: =SUM(mun_coc!C1040) -> 773 | D64: =SUM(mun_coc!D1040) -> 539459 | E64: =SUM(mun_coc!E1040) -> 463886 | F64: =SUM(E64/D64) -> 0.85990965
B65: GUIMARAS | C65: =mun_coc!C1060 -> 177 | D65: =mun_coc!D1060 -> 124930 | E65: =mun_coc!E1060 -> 109148 | F65: =SUM(E65/D65) -> 0.87367326
B66: ILOILO | C66: =SUM(mun_coc!C1069) -> 2688 | D66: =SUM(mun_coc!D1069) -> 1649730 | E66: =SUM(mun_coc!E1069) -> 1401557 | F66: =SUM(E66/D66) -> 0.8495675
A67: NEGROS ISLAND REGION (NIR) | C67: =SUM(C68:C70) -> 3922 | D67: =SUM(D68:D70) -> 3059321 | E67: =SUM(E68:E70) -> 2585766 | F67: =SUM(E67/D67) -> 0.84520912
B68: NEGROS OCCIDENTAL | C68: =SUM(mun_coc!C1121) -> 2484 | D68: =SUM(mun_coc!D1121) -> 2001732 | E68: =SUM(mun_coc!E1121) -> 1679045 | F68: =SUM(E68/D68) -> 0.8387961
B69: NEGROS ORIENTAL | C69: =mun_coc!C1161 -> 1289 | D69: =mun_coc!D1161 -> 976185 | E69: =mun_coc!E1161 -> 831963 | F69: =SUM(E69/D69) -> 0.85225956
B70: SIQUIJOR | C70: =mun_coc!C1190 -> 149 | D70: =mun_coc!D1190 -> 81404 | E70: =mun_coc!E1190 -> 74758 | F70: =SUM(E70/D70) -> 0.91835782
A71: REGION VII | C71: =SUM(C72:C73) -> 5662 | D71: =SUM(D72:D73) -> 4389344 | E71: =SUM(E72:E73) -> 3797086 | F71: =SUM(E71/D71) -> 0.86506913
B72: BOHOL | C72: =SUM(mun_coc!C1201) -> 1542 | D72: =SUM(mun_coc!D1201) -> 981564 | E72: =SUM(mun_coc!E1201) -> 862231 | F72: =SUM(E72/D72) -> 0.87842566
B73: C E B U | C73: =SUM(mun_coc!C1253) -> 4120 | D73: =SUM(mun_coc!D1253) -> 3407780 | E73: =SUM(mun_coc!E1253) -> 2934855 | F73: =SUM(E73/D73) -> 0.86122197
A74: REGION VIII | C74: =SUM(C75:C80) -> 5670 | D74: =SUM(D75:D80) -> 3259554 | E74: =SUM(E75:E80) -> 2747755 | F74: =SUM(E74/D74) -> 0.84298496
B75: BILIRAN | C75: =SUM(mun_coc!C1320) -> 196 | D75: =SUM(mun_coc!D1320) -> 124191 | E75: =SUM(mun_coc!E1320) -> 103589 | F75: =SUM(E75/D75) -> 0.83411036
B76: EASTERN SAMAR | C76: =SUM(mun_coc!C1332) -> 693 | D76: =SUM(mun_coc!D1332) -> 359570 | E76: =SUM(mun_coc!E1332) -> 309579 | F76: =SUM(E76/D76) -> 0.86097005
B77: LEYTE | C77: =SUM(mun_coc!C1359) -> 2257 | D77: =SUM(mun_coc!D1359) -> 1401054 | E77: =SUM(mun_coc!E1359) -> 1204703 | F77: =SUM(E77/D77) -> 0.8598548
B78: NORTHERN SAMAR | C78: =SUM(mun_coc!C1408) -> 747 | D78: =SUM(mun_coc!D1408) -> 449191 | E78: =SUM(mun_coc!E1408) -> 359902 | F78: =SUM(E78/D78) -> 0.80122264
B79: SAMAR | C79: =SUM(mun_coc!C1435) -> 1177 | D79: =SUM(mun_coc!D1435) -> 625543 | E79: =SUM(mun_coc!E1435) -> 503239 | F79: =SUM(E79/D79) -> 0.80448346
B80: SOUTHERN LEYTE | C80: =SUM(mun_coc!C1464) -> 600 | D80: =SUM(mun_coc!D1464) -> 300005 | E80: =SUM(mun_coc!E1464) -> 266743 | F80: =SUM(E80/D80) -> 0.88912851
A81: REGION IX | C81: =SUM(C82:C85) -> 4048 | D81: =SUM(D82:D85) -> 2869368 | E81: =SUM(E82:E85) -> 2384181 | F81: =SUM(E81/D81) -> 0.83090806
B82: ZAMBOANGA DEL NORTE | C82: =SUM(mun_coc!C1487) -> 1135 | D82: =SUM(mun_coc!D1487) -> 780540 | E82: =SUM(mun_coc!E1487) -> 655186 | F82: =SUM(E82/D82) -> 0.83940093
B83: ZAMBOANGA DEL SUR | C83: =SUM(mun_coc!C1518) -> 1627 | D83: =SUM(mun_coc!D1518) -> 1196013 | E83: =SUM(mun_coc!E1518) -> 975416 | F83: =SUM(E83/D83) -> 0.81555635
B84: ZAMBOANGA SIBUGAY | C84: =SUM(mun_coc!C1552) -> 623 | D84: =SUM(mun_coc!D1552) -> 428422 | E84: =SUM(mun_coc!E1552) -> 357975 | F84: =SUM(E84/D84) -> 0.83556633
B85: SULU | C85: =mun_coc!C1571 -> 663 | D85: =mun_coc!D1571 -> 464393 | E85: =mun_coc!E1571 -> 395604 | F85: =SUM(E85/D85) -> 0.85187331
A86: REGION X | C86: =SUM(C87:C91) -> 4444 | D86: =SUM(D87:D91) -> 3179252 | E86: =SUM(E87:E91) -> 2731299 | F86: =SUM(E86/D86) -> 0.85910113
B87: BUKIDNON | C87: =SUM(mun_coc!C1594) -> 1349 | D87: =SUM(mun_coc!D1594) -> 995736 | E87: =SUM(mun_coc!E1594) -> 861732 | F87: =SUM(E87/D87) -> 0.86542216
B88: CAMIGUIN | C88: =SUM(mun_coc!C1621) -> 94 | D88: =SUM(mun_coc!D1621) -> 66557 | E88: =SUM(mun_coc!E1621) -> 60294 | F88: =SUM(E88/D88) -> 0.90590021
B89: LANAO DEL NORTE | C89: =SUM(mun_coc!C1630) -> 856 | D89: =SUM(mun_coc!D1630) -> 573261 | E89: =SUM(mun_coc!E1630) -> 485351 | F89: =SUM(E89/D89) -> 0.84664926
B90: MISAMIS OCCIDENTAL | C90: =SUM(mun_coc!C1657) -> 693 | D90: =SUM(mun_coc!D1657) -> 437401 | E90: =SUM(mun_coc!E1657) -> 365381 | F90: =SUM(E90/D90) -> 0.8353456
B91: MISAMIS ORIENTAL | C91: =SUM(mun_coc!C1677) -> 1452 | D91: =SUM(mun_coc!D1677) -> 1106297 | E91: =SUM(mun_coc!E1677) -> 958541 | F91: =SUM(E91/D91) -> 0.86644093
A92: REGION XI | C92: =SUM(C93:C97) -> 4189 | D92: =SUM(D93:D97) -> 3376470 | E92: =SUM(E93:E97) -> 2779125 | F92: =SUM(E92/D92) -> 0.82308594
B93: DAVAO DE ORO | C93: =SUM(mun_coc!C1710) -> 703 | D93: =SUM(mun_coc!D1710) -> 548390 | E93: =SUM(mun_coc!E1710) -> 490629 | F93: =SUM(E93/D93) -> 0.89467168
B94: DAVAO DEL NORTE | C94: =SUM(mun_coc!C1724) -> 882 | D94: =SUM(mun_coc!D1724) -> 717449 | E94: =SUM(mun_coc!E1724) -> 602325 | F94: =SUM(E94/D94) -> 0.83953703
B95: DAVAO DEL SUR | C95: =SUM(mun_coc!C1741) -> 1774 | D95: =SUM(mun_coc!D1741) -> 1471819 | E95: =SUM(mun_coc!E1741) -> 1158376 | F95: =SUM(E95/D95) -> 0.78703699
B96: DAVAO ORIENTAL | C96: =SUM(mun_coc!C1760) -> 555 | D96: =SUM(mun_coc!D1760) -> 433645 | E96: =SUM(mun_coc!E1760) -> 376419 | F96: =SUM(E96/D96) -> 0.86803491
B97: DAVAO OCCIDENTAL | C97: =SUM(mun_coc!C1774) -> 275 | D97: =SUM(mun_coc!D1774) -> 205167 | E97: =SUM(mun_coc!E1774) -> 151376 | F97: =SUM(E97/D97) -> 0.73781846
A98: REGION XII | C98: =SUM(C99:C102) -> 3492 | D98: =SUM(D99:D102) -> 2701992 | E98: =SUM(E99:E102) -> 2200890 | F98: =SUM(E98/D98) -> 0.81454349
B99: COTABATO | C99: =SUM(mun_coc!C1784) -> 1073 | D99: =SUM(mun_coc!D1784) -> 797609 | E99: =SUM(mun_coc!E1784) -> 674841 | F99: =SUM(E99/D99) -> 0.84607997
B100: SARANGANI | C100: =SUM(mun_coc!C1806) -> 490 | D100: =SUM(mun_coc!D1806) -> 373178 | E100: =SUM(mun_coc!E1806) -> 284653 | F100: =SUM(E100/D100) -> 0.76278076
B101: SOUTH COTABATO | C101: =SUM(mun_coc!C1817) -> 1226 | D101: =SUM(mun_coc!D1817) -> 997821 | E101: =SUM(mun_coc!E1817) -> 812184 | F101: =SUM(E101/D101) -> 0.81395761
B102: SULTAN KUDARAT | C102: =SUM(mun_coc!C1834) -> 703 | D102: =SUM(mun_coc!D1834) -> 533384 | E102: =SUM(mun_coc!E1834) -> 429212 | F102: =SUM(E102/D102) -> 0.80469605
A103: CARAGA | C103: =SUM(C104:C108) -> 2666 | D103: =SUM(D104:D108) -> 1904917 | E103: =SUM(E104:E108) -> 1613102 | F103: =SUM(E103/D103) -> 0.8468096
B104: AGUSAN DEL NORTE | C104: =SUM(mun_coc!C1850) -> 643 | D104: =SUM(mun_coc!D1850) -> 492857 | E104: =SUM(mun_coc!E1850) -> 403667 | F104: =SUM(E104/D104) -> 0.81903473
B105: AGUSAN DEL SUR | C105: =SUM(mun_coc!C1867) -> 633 | D105: =SUM(mun_coc!D1867) -> 446642 | E105: =SUM(mun_coc!E1867) -> 357755 | F105: =SUM(E105/D105) -> 0.80098826
B106: DINAGAT ISLANDS | C106: =SUM(mun_coc!C1884) -> 140 | D106: =SUM(mun_coc!D1884) -> 81673 | E106: =SUM(mun_coc!E1884) -> 71033 | F106: =SUM(E106/D106) -> 0.86972439
...

Sheet mun_coc
A1: Republic of the Philippines
A2: COMMISSION ON ELECTIONS
A3: Records and Statistics Division, ERSD
A5: NUMBER AND TURN-OUT OF REGISTERED VOTERS AND VOTERS WHO ACTUALLY VOTED BY CITY/MUNICIPALITY
A6: May 12, 2025 National and Local Elections
A9: As of August 2025
A10: REGION/PROVINCE/CITY/ MUNICIPALITY/LEGISLATIVE/ PROVINCIAL DISTRICT | C10: NUMBER OF CLUSTERED PRECINCTS | D10: NUMBER OF REGISTERED VOTERS | E10: NUMBER OF VOTERS WHO ACTUALLY VOTED | F10: VOTER'S TURNOUT
A13: P H I L I P P I N E S | C13: =SUM(C14+C59+C162+C304+C421+C585+C765+C858+C997+C1120+C1200+C1319+C1486+C1593+C1709+C1783+C1849+C1941) -> 93287 | D13: =SUM(D14+D59+D162+D304+D421+D585+D765+D858+D997+D1120+D1200+D1319+D1486+D1593+D1709+D1783+D1849+D1941) -> 68431965 | E13: =SUM(E14+E59+E162+E304+E421+E585+E765+E858+E997+E1120+E1200+E1319+E1486+E1593+E1709+E1783+E1849+E1941) -> 57070411 | F13: =SUM(E13/D13) -> 0.833973
A14: N. C. R. | C14: =C15+C22+C29+C33+C36+C39+C42+C45+C48+C51+C52+C53+C54+C55+C56+C57+C58 -> 9030 | D14: =D15+D22+D29+D33+D36+D39+D42+D45+D48+D51+D52+D53+D54+D55+D56+D57+D58 -> 7563520 | E14: =E15+E22+E29+E33+E36+E39+E42+E45+E48+E51+E52+E53+E54+E55+E56+E57+E58 -> 6040069 | F14: =SUM(E14/D14) -> 0.7985791
A15: City of Manila | C15: =SUM(C16:C21) -> 1585 | D15: =SUM(D16:D21) -> 1142174 | E15: =SUM(E16:E21) -> 929012 | F15: =SUM(E15/D15) -> 0.81337169
B16: 1st Legislative District | C16: 346 | D16: 267797 | E16: 224005 | F16: =SUM(E16/D16) -> 0.83647315
B17: 2nd Legislative District | C17: 213 | D17: 149095 | E17: 122409 | F17: =SUM(E17/D17) -> 0.82101345
B18: 3rd Legislative District | C18: 217 | D18: 156053 | E18: 123045 | F18: =SUM(E18/D18) -> 0.78848212
B19: 4th Legislative District | C19: 252 | D19: 172679 | E19: 139619 | F19: =SUM(E19/D19) -> 0.80854649
B20: 5th Legislative District | C20: 315 | D20: 227051 | E20: 181596 | F20: =SUM(E20/D20) -> 0.79980269
B21: 6th Legislative District | C21: 242 | D21: 169499 | E21: 138338 | F21: =SUM(E21/D21) -> 0.81615821
A22: Quezon City | C22: =SUM(C23:C28) -> 1658 | D22: =SUM(D23:D28) -> 1454411 | E22: =SUM(E23:E28) -> 1150586 | F22: =SUM(E22/D22) -> 0.791101
B23: 1st Legislative District | C23: 247 | D23: 217676 | E23: 168049 | F23: =SUM(E23/D23) -> 0.77201437
B24: 2nd Legislative District | C24: 372 | D24: 328316 | E24: 257836 | F24: =SUM(E24/D24) -> 0.78532877
B25: 3rd Legislative District | C25: 204 | D25: 172497 | E25: 139339 | F25: =SUM(E25/D25) -> 0.80777637
B26: 4th Legislative District | C26: 268 | D26: 234450 | E26: 193458 | F26: =SUM(E26/D26) -> 0.82515675
B27: 5th Legislative District | C27: 313 | D27: 281197 | E27: 221705 | F27: =SUM(E27/D27) -> 0.78843302
B28: 6th Legislative District | C28: 254 | D28: 220275 | E28: 170199 | F28: =SUM(E28/D28) -> 0.77266599
A29: City of Caloocan | C29: =SUM(C30:C32) -> 905 | D29: =SUM(D30:D32) -> 765249 | E29: =SUM(E30:E32) -> 606213 | F29: =SUM(E29/D29) -> 0.79217745
B30: 1st Legislative District | C30: 432 | D30: 377294 | E30: 297493 | F30: =SUM(E30/D30) -> 0.7884912
B31: 2nd Legislative District | C31: 300 | D31: 237712 | E31: 188617 | F31: =SUM(E31/D31) -> 0.79346857
B32: 3rd Legislative District | C32: 173 | D32: 150243 | E32: 120103 | F32: =SUM(E32/D32) -> 0.79939165
A33: City of Makati | C33: =SUM(C34:C35) -> 300 | D33: =SUM(D34:D35) -> 270240 | E33: =SUM(E34:E35) -> 210052 | F33: =SUM(E33/D33) -> 0.77727946
B34: 1st Legislative District | C34: 240 | D34: 216152 | E34: 170882 | F34: =SUM(E34/D34) -> 0.79056405
B35: 2nd Legislative District | C35: 60 | D35: 54088 | E35: 39170 | F35: =SUM(E35/D35) -> 0.72419021
A36: City of Marikina | C36: =SUM(C37:C38) -> 363 | D36: =SUM(D37:D38) -> 315980 | E36: =SUM(E37:E38) -> 258466 | F36: =SUM(E36/D36) -> 0.81798215
B37: 1st Legislative District | C37: 148 | D37: 127290 | E37: 107054 | F37: =SUM(E37/D37) -> 0.84102443
B38: 2nd Legislative District | C38: 215 | D38: 188690 | E38: 151412 | F38: =SUM(E38/D38) -> 0.80243786
A39: City of Parañaque | C39: =SUM(C40:C41) -> 402 | D39: =SUM(D40:D41) -> 353274 | E39: =SUM(E40:E41) -> 278341 | F39: =SUM(E39/D39) -> 0.78788985
B40: 1st Legislative District | C40: 156 | D40: 139653 | E40: 105462 | F40: =SUM(E40/D40) -> 0.75517175
B41: 2nd Legislative District | C41: 246 | D41: 213621 | E41: 172879 | F41: =SUM(E41/D41) -> 0.80927905
A42: City of Pasig | C42: =SUM(C43:C44) -> 519 | D42: =SUM(D43:D44) -> 463885 | E42: =SUM(E43:E44) -> 386057 | F42: =SUM(E42/D42) -> 0.83222566
B43: 1st Councilor District | C43: 210 | D43: 181637 | E43: 150207 | F43: =SUM(E43/D43) -> 0.82696257
B44: 2nd Councilor District | C44: 309 | D44: 282248 | E44: 235850 | F44: =SUM(E44/D44) -> 0.83561265
A45: City of Valenzuela | C45: =SUM(C46:C47) -> 511 | D45: =SUM(D46:D47) -> 438556 | E45: =SUM(E46:E47) -> 353937 | F45: =SUM(E45/D45) -> 0.80705087
B46: 1st Legislative District | C46: 245 | D46: 210330 | E46: 171409 | F46: =SUM(E46/D46) -> 0.81495269
B47: 2nd Legislative District | C47: 266 | D47: 228226 | E47: 182528 | F47: =SUM(E47/D47) -> 0.79976865
A48: Pasay City | C48: =SUM(C49:C50) -> 398 | D48: =SUM(D49:D50) -> 292695 | E48: =SUM(E49:E50) -> 228150 | F48: =SUM(E48/D48) -> 0.77948035
B49: 1st Councilor District | C49: 197 | D49: 145563 | E49: 114755 | F49: =SUM(E49/D49) -> 0.78835281
B50: 2nd Councilor District | C50: 201 | D50: 147132 | E50: 113395 | F50: =SUM(E50/D50) -> 0.7707025
A51: City of Las Piñas | C51: 365 | D51: 318542 | E51: 255455 | F51: =SUM(E51/D51) -> 0.80195076
A52: City of Mandaluyong | C52: 268 | D52: 223624 | E52: 171240 | F52: =SUM(E52/D52) -> 0.76574965
A53: City of Muntinlupa | C53: 360 | D53: 314934 | E53: 250672 | F53: =SUM(E53/D53) -> 0.7959509
A54: City of Malabon | C54: 279 | D54: 233868 | E54: 194152 | F54: =SUM(E54/D54) -> 0.83017771
A55: City of Navotas | C55: 175 | D55: 157065 | E55: 129274 | F55: =SUM(E55/D55) -> 0.82306052
A56: City of San Juan | C56: 124 | D56: 100639 | E56: 70809 | F56: =SUM(E56/D56) -> 0.70359403
A57: City of Taguig | C57: 773 | D57: 680554 | E57: 537093 | F57: =SUM(E57/D57) -> 0.78919968
A58: Pateros | C58: 45 | D58: 37830 | E58: 30560 | F58: =SUM(E58/D58) -> 0.80782448
A59: CORDILLERA ADM. REGION | C59: =SUM(C60+C91+C102+C121+C136+C148) -> 1963 | D59: =SUM(D60+D91+D102+D121+D136+D148) -> 1105063 | E59: =SUM(E60+E91+E102+E121+E136+E148) -> 946327 | F59: =SUM(E59/D59) -> 0.8563557
B60: ABRA | C60: =SUM(C62+C78) -> 364 | D60: =SUM(D62+D78) -> 188957 | E60: =SUM(E62+E78) -> 172959 | F60: =SUM(E60/D60) -> 0.91533524
B61: Lone Legislative District
B62: 1st Provincial District | C62: =SUM(C63:C77) -> 167 | D62: =SUM(D63:D77) -> 81774 | E62: =SUM(E63:E77) -> 75358 | F62: =SUM(E62/D62) -> 0.92153985
A63: 1 | B63: Boliney | C63: 9 | D63: 3011 | E63: 2907 | F63: =SUM(E63/D63) -> 0.96545998
A64: 2 | B64: Bucay | C64: 24 | D64: 14842 | E64: 13852 | F64: =SUM(E64/D64) -> 0.9332974
A65: 3 | B65: Bucloc | C65: 4 | D65: 2064 | E65: 1948 | F65: =SUM(E65/D65) -> 0.94379845
A66: 4 | B66: Daguioman | C66: 4 | D66: 1454 | E66: 1349 | F66: =SUM(E66/D66) -> 0.92778542
A67: 5 | B67: Langiden | C67: 6 | D67: 2750 | E67: 2414 | F67: =SUM(E67/D67) -> 0.87781818
A68: 6 | B68: Luba | C68: 12 | D68: 4928 | E68: 4590 | F68: =SUM(E68/D68) -> 0.93141234
A69: 7 | B69: Manabo | C69: 14 | D69: 8077 | E69: 7270 | F69: =SUM(E69/D69) -> 0.90008667
A70: 8 | B70: Peñarrubia | C70: 9 | D70: 5145 | E70: 4536 | F70: =SUM(E70/D70) -> 0.88163265
A71: 9 | B71: Pidigan | C71: 16 | D71: 9613 | E71: 8901 | F71: =SUM(E71/D71) -> 0.92593363
A72: 10 | B72: Pilar | C72: 20 | D72: 8086 | E72: 7517 | F72: =SUM(E72/D72) -> 0.92963146
A73: 11 | B73: Sallapadan | C73: 9 | D73: 5503 | E73: 5036 | F73: =SUM(E73/D73) -> 0.9151372
A74: 12 | B74: San Isidro | C74: 9 | D74: 3461 | E74: 3192 | F74: =SUM(E74/D74) -> 0.9222768
... A77: 15 | B77: Villaviciosa | C77: 9 | D77: 4302 | E77: 3971 | F77: =SUM(E77/D77) -> 0.92305904
B78: 2nd Provincial District | C78: =SUM(C79:C90) -> 197 | D78: =SUM(D79:D90) -> 107183 | E78: =SUM(E79:E90) -> 97601 | F78: =SUM(E78/D78) -> 0.91060149
A79: 1 | B79: Bangued | C79: 49 | D79: 35227 | E79: 32605 | F79: =SUM(E79/D79) -> 0.92556846
A80: 2 | B80: Danglas | C80: 7 | D80: 3740 | E80: 3352 | F80: =SUM(E80/D80) -> 0.89625668
A81: 3 | B81: Dolores | C81: 17 | D81: 9461 | E81: 8390 | F81: =SUM(E81/D81) -> 0.88679844
A82: 4 | B82: La Paz | C82: 17 | D82: 11500 | E82: 11152 | F82: =SUM(E82/D82) -> 0.96973913
A83: 5 | B83: Lacub | C83: 10 | D83: 3819 | E83: 3422 | F83: =SUM(E83/D83) -> 0.89604609
A84: 6 | B84: Lagangilang | C84: 20 | D84: 11101 | E84: 9552 | F84: =SUM(E84/D84) -> 0.86046302
A85: 7 | B85: Lagayan | C85: 6 | D85: 3510 | E85: 3181 | F85: =SUM(E85/D85) -> 0.90626781
A86: 8 | B86: Licuan-Baay | C86: 11 | D86: 4420 | E86: 3762 | F86: =SUM(E86/D86) -> 0.85113122
A87: 9 | B87: Malibcong | C87: 12 | D87: 3113 | E87: 2842 | F87: =SUM(E87/D87) -> 0.91294571
A88: 10 | B88: San Juan | C88: 19 | D88: 7750 | E88: 6991 | F88: =SUM(E88/D88) -> 0.90206452
A89: 11 | B89: Tayum | C89: 16 | D89: 10468 | E89: 9602 | F89: =SUM(E89/D89) -> 0.91727169
A90: 12 | B90: Tineg | C90: 13 | D90: 3074 | E90: 2750 | F90: =SUM(E90/D90) -> 0.89459987
B91: APAYAO | C91: =SUM(C93+C97) -> 159 | D91: =SUM(D93+D97) -> 83441 | E91: =SUM(E93+E97) -> 72548 | F91: =SUM(E91/D91) -> 0.86945267
B92: Lone Legislative District
B93: 1st Provincial District | C93: =SUM(C94:C96) -> 78 | D93: =SUM(D94:D96) -> 39708 | E93: =SUM(E94:E96) -> 34068 | F93: =SUM(E93/D93) -> 0.85796313
A94: 1 | B94: Calanasan | C94: 20 | D94: 9061 | E94: 7821 | F94: =SUM(E94/D94) -> 0.86314976
A95: 2 | B95: Conner | C95: 31 | D95: 18566 | E95: 16272 | F95: =SUM(E95/D95) -> 0.87644081
A96: 3 | B96: Kabugao | C96: 27 | D96: 12081 | E96: 9975 | F96: =SUM(E96/D96) -> 0.82567668
B97: 2nd Provincial District | C97: =SUM(C98:C101) -> 81 | D97: =SUM(D98:D101) -> 43733 | E97: =SUM(E98:E101) -> 38480 | F97: =SUM(E97/D97) -> 0.87988476
A98: 1 | B98: Flora | C98: 19 | D98: 11855 | E98: 10310 | F98: =SUM(E98/D98) -> 0.86967524
A99: 2 | B99: Luna | C99: 24 | D99: 12891 | E99: 11633 | F99: =SUM(E99/D99) -> 0.90241254
A100: 3 | B100: Pudtol | C100: 24 | D100: 10316 | E100: 9002 | F100: =SUM(E100/D100) -> 0.87262505
A101: 4 | B101: Santa Marcela | C101: 14 | D101: 8671 | E101: 7535 | F101: =SUM(E101/D101) -> 0.86898858
B102: BENGUET | C102: =SUM(C120+C103) -> 676 | D102: =SUM(D120+D103) -> 416145 | E102: =SUM(E120+E103) -> 343068 | F102: =SUM(E102/D102) -> 0.82439534
B103: Lone Legislative District | C103: =SUM(C104+C110) -> 444 | D103: =SUM(D104+D110) -> 249729 | E103: =SUM(E104+E110) -> 210927 | F103: =SUM(E103/D103) -> 0.84462357
B104: 1st Provincial District | C104: =SUM(C105:C109) -> 164 | D104: =SUM(D105:D109) -> 89108 | E104: =SUM(E105:E109) -> 75830 | F104: =SUM(E104/D104) -> 0.85098981
A105: 1 | B105: Bokod | C105: 27 | D105: 10621 | E105: 9441 | F105: =SUM(E105/D105) -> 0.88889935
A106: 2 | B106: Itogon | C106: 56 | D106: 33361 | E106: 28309 | F106: =SUM(E106/D106) -> 0.84856569
A107: 3 | B107: Kabayan | C107: 21 | D107: 10506 | E107: 9324 | F107: =SUM(E107/D107) -> 0.88749286
...

Sheet OVERSEAS VOTING
A1: Republic of the Philippines
A2: COMMISSION ON ELECTIONS
A3: Records and Statistics Division, ERSD
A4: NUMBER AND TURN-OUT OF REGISTERED VOTERS FOR OVERSEAS VOTING, PER COUNTRY
A5: May 12, 2025 National and Local Elections
A7: As of August 2025
A8: COUNTRY | C8: BASED ON CERTIFICATE OF CANVASS
C10: NUMBER OF REGISTERED VOTERS | D10: NUMBER OF VOTERS WHO ACTUALLY VOTED | E10: VOTER'S TURN-OUT
A11: OVERSEAS AUTOMATED VOTING | C11: =C12+C34+C41+C59 -> 1241688 | D11: =D12+D34+D41+D59 -> 228490 | E11: =SUM(D11/C11) -> 0.18401563
A12: ASIA PACIFIC | C12: =SUM(C13:C33) -> 383392 | D12: =SUM(D13:D33) -> 92616 | E12: =SUM(D12/C12) -> 0.24156999
B13: THAILAND | C13: 8203 | D13: 2609 | E13: =SUM(D13/C13) -> 0.31805437
B14: CHINA | C14: 3809 | D14: 1082 | E14: =SUM(D14/C14) -> 0.28406406
B15: BRUNEI | C15: 6167 | D15: 1692 | E15: =SUM(D15/C15) -> 0.27436355
B16: AUSTRALIA | C16: 19466 | D16: 3206 | E16: =SUM(D16/C16) -> 0.16469742
B17: BANGLADESH | C17: 911 | D17: 249 | E17: =SUM(D17/C17) -> 0.27332602
B18: TIMOR-LESTE | C18: 554 | D18: 277 | E18: =SUM(D18/C18) -> 0.5
B19: VIETNAM | C19: 1875 | D19: 476 | E19: =SUM(D19/C19) -> 0.25386667
B20: CHINA | C20: 94295 | D20: 31637 | E20: =SUM(D20/C20) -> 0.3355109
B21: PAKISTAN | C21: 607 | D21: 216 | E21: =SUM(D21/C21) -> 0.35584843
B22: INDONESIA | C22: 2645 | D22: 792 | E22: =SUM(D22/C22) -> 0.29943289
B23: MALAYSIA | C23: 9669 | D23: 2747 | E23: =SUM(D23/C23) -> 0.28410384
B24: TAIWAN, ROC | C24: 71009 | D24: 12978 | E24: =SUM(D24/C24) -> 0.18276556
... B33: MYANMAR | C33: 370 | D33: 144 | E33: =SUM(D33/C33) -> 0.38918919
A34: NORTH AND LATIN AMERICA | C34: =SUM(C35:C40) -> 259415 | D34: =SUM(D35:D40) -> 18640 | E34: =SUM(D34/C34) -> 0.071853979
B35: BRAZIL | C35: 1088 | D35: 231 | E35: =SUM(D35/C35) -> 0.21231618
B36: ARGENTINA | C36: 208 | D36: 78 | E36: =SUM(D36/C36) -> 0.375
B37: MEXICO | C37: 844 | D37: 235 | E37: =SUM(D37/C37) -> 0.27843602
B38: CANADA | C38: 67873 | D38: 7912 | E38: =SUM(D38/C38) -> 0.11657065
B39: CHILE | C39: 883 | D39: 378 | E39: =SUM(D39/C39) -> 0.42808607
B40: UNITED STATES OF AMERICA | C40: 188519 | D40: 9806 | E40: =SUM(D40/C40) -> 0.052015977
A41: MIDDLE EAST AND AFRICAS | C41: =SUM(C42:C58) -> 453500 | D41: =SUM(D42:D58) -> 88537 | E41: =SUM(D41/C41) -> 0.19523043
B42: UNITED ARAB EMIRATES | C42: 189892 | D42: 37976 | E42: =SUM(D42/C42) -> 0.19998736
B43: NIGERIA | C43: 1021 | D43: 367 | E43: =SUM(D43/C43) -> 0.35945152
B44: JORDAN | C44: 4003 | D44: 860 | E44: =SUM(D44/C44) -> 0.21483887
B45: LEBANON | C45: 6103 | D45: 1918 | E45: =SUM(D45/C45) -> 0.31427167
B46: EGYPT | C46: 1931 | D46: 314 | E46: =SUM(D46/C46) -> 0.16261005
B47: SYRIA | C47: 95 | D47: 40 | E47: =SUM(D47/C47) -> 0.42105263
B48: QUATAR | C48: 31922 | D48: 10418 | E48: =SUM(D48/C48) -> 0.326358
B49: KUWAIT | C49: 36046 | D49: 7323 | E49: =SUM(D49/C49) -> 0.20315708
B50: BAHRAIN | C50: 22451 | D50: 4554 | E50: =SUM(D50/C50) -> 0.20284174
B51: OMAN | C51: 15247 | D51: 2314 | E51: =SUM(D51/C51) -> 0.15176756
B52: KENYA | C52: 648 | D52: 170 | E52: =SUM(D52/C52) -> 0.26234568
B53: SOUTH AFRICA | C53: 1272 | D53: 360 | E53: =SUM(D53/C53) -> 0.28301887
... B58: LIBYA | C58: 541 | D58: 339 | E58: =SUM(D58/C58) -> 0.62661738
A59: EUROPE | C59: =SUM(C60:C79) -> 145381 | D59: =SUM(D60:D79) -> 28697 | E59: =SUM(D59/C59) -> 0.19739168
B60: TURKIYE | C60: 2832 | D60: 862 | E60: =SUM(D60/C60) -> 0.30437853
B61: GREECE | C61: 6012 | D61: 1339 | E61: =SUM(D61/C61) -> 0.22272122
B62: GERMANY | C62: 8217 | D62: 2480 | E62: =SUM(D62/C62) -> 0.30181331
B63: SWITZERLAND | C63: 4160 | D63: 1422 | E63: =SUM(D63/C63) -> 0.34182692
B64: BELGIUM | C64: 2445 | D64: 730 | E64: =SUM(D64/C64) -> 0.29856851
B65: HUNGARY | C65: 1115 | D65: 343 | E65: =SUM(D65/C65) -> 0.30762332
B66: DENMARK | C66: 1210 | D66: 399 | E66: =SUM(D66/C66) -> 0.32975207
B67: PORTUGAL | C67: 1835 | D67: 395 | E67: =SUM(D67/C67) -> 0.21525886
B68: UNITED KINGDOM OF GREAT BRITAIN | C68: 30688 | D68: 4151 | E68: =SUM(D68/C68) -> 0.1352646
B69: SPAIN | C69: 23909 | D69: 4856 | E69: =SUM(D69/C69) -> 0.20310343
B70: RUSSIA | C70: 2150 | D70: 736 | E70: =SUM(D70/C70) -> 0.34232558
B71: NORWAY | C71: 1553 | D71: 199 | E71: =SUM(D71/C71) -> 0.12813909
... B79: POLAND | C79: 2859 | D79: 893 | E79: =SUM(D79/C79) -> 0.31234697
